filename,width,height,method,original_class,original_confidence,cloaked_class,cloaked_confidence,confidence_in_original_class_after,ssim,seconds
img_0000.jpeg,251,160,fgsm,482,0.14567887783050537,453,0.12283725291490555,0.08133050054311752,0.9533768691104839,0.42
img_0000.jpeg,251,160,pgd,482,0.14567887783050537,482,0.1286817342042923,0.1286817342042923,0.9799240572475648,2.01
img_0001.jpeg,213,160,fgsm,232,0.2478007972240448,157,0.155512273311615,0.12607021629810333,0.7985797642837184,0.39
img_0001.jpeg,213,160,pgd,232,0.2478007972240448,232,0.15248103439807892,0.15248103439807892,0.9068422324489888,1.95
img_0002.jpeg,291,160,fgsm,0,0.4373413324356079,0,0.4715041220188141,0.4715041220188141,0.9026933465688939,0.39
img_0002.jpeg,291,160,pgd,0,0.4373413324356079,0,0.4424213171005249,0.4424213171005249,0.957861737776648,2.5
img_0003.jpeg,238,160,fgsm,569,0.31273654103279114,569,0.4565248191356659,0.4565248191356659,0.9167855003308123,0.35
img_0003.jpeg,238,160,pgd,569,0.31273654103279114,569,0.3935035169124603,0.3935035169124603,0.9640428726489549,1.91
img_0004.jpeg,213,160,fgsm,884,0.46740493178367615,884,0.2866748571395874,0.2866748571395874,0.9382963526103465,0.33
img_0004.jpeg,213,160,pgd,884,0.46740493178367615,884,0.3274666368961334,0.3274666368961334,0.9726236540227976,1.94
img_0005.jpeg,206,160,fgsm,497,0.271040141582489,497,0.3223469853401184,0.3223469853401184,0.8847808907255069,0.35
img_0005.jpeg,206,160,pgd,497,0.271040141582489,497,0.41134577989578247,0.41134577989578247,0.948613868693795,1.87
img_0006.jpeg,213,160,fgsm,491,0.43073588609695435,491,0.6286426186561584,0.6286426186561584,0.9402540015070752,0.35
img_0006.jpeg,213,160,pgd,491,0.43073588609695435,491,0.6891936659812927,0.6891936659812927,0.9757477623175187,2.02
img_0007.jpeg,213,160,fgsm,482,0.4553071856498718,482,0.40977683663368225,0.40977683663368225,0.9223835408381356,0.35
img_0007.jpeg,213,160,pgd,482,0.4553071856498718,482,0.4722113013267517,0.4722113013267517,0.9659093974428011,1.79
img_0008.jpeg,213,160,fgsm,569,0.6156153678894043,569,0.6659800410270691,0.6659800410270691,0.886197120369293,0.36
img_0008.jpeg,213,160,pgd,569,0.6156153678894043,569,0.6348655819892883,0.6348655819892883,0.9500334023085087,1.87
img_0009.jpeg,212,160,fgsm,218,0.19858376681804657,218,0.19224663078784943,0.19224663078784943,0.8764810259523029,0.35
img_0009.jpeg,212,160,pgd,218,0.19858376681804657,218,0.1452920287847519,0.1452920287847519,0.9485355110376806,1.89
img_0010.jpeg,225,160,fgsm,884,0.2994716465473175,884,0.3292236626148224,0.3292236626148224,0.9255786563051397,0.38
img_0010.jpeg,225,160,pgd,884,0.2994716465473175,884,0.3317638039588928,0.3317638039588928,0.9679016935815401,1.83
img_0011.jpeg,213,160,fgsm,569,0.20152799785137177,569,0.27721065282821655,0.27721065282821655,0.8855962082453082,0.35
img_0011.jpeg,213,160,pgd,569,0.20152799785137177,569,0.2271518111228943,0.2271518111228943,0.9501162534271136,1.9
img_0012.jpeg,160,224,fgsm,701,0.454108864068985,701,0.3296802341938019,0.3296802341938019,0.7251428960438911,0.32
img_0012.jpeg,160,224,pgd,701,0.454108864068985,701,0.29739099740982056,0.29739099740982056,0.8578993307741424,1.86
img_0013.jpeg,213,160,fgsm,217,0.23276017606258392,217,0.3327235281467438,0.3327235281467438,0.7883299051709866,0.34
img_0013.jpeg,213,160,pgd,217,0.23276017606258392,217,0.32878896594047546,0.32878896594047546,0.9050028943696892,1.89
img_0014.jpeg,160,217,fgsm,0,0.7798289060592651,0,0.7908941507339478,0.7908941507339478,0.9223116062351022,0.35
img_0014.jpeg,160,217,pgd,0,0.7798289060592651,0,0.881550669670105,0.881550669670105,0.9657811179192802,1.97
img_0015.jpeg,160,235,fgsm,571,0.5917393565177917,571,0.577341616153717,0.577341616153717,0.8888223069583573,0.34
img_0015.jpeg,160,235,pgd,571,0.5917393565177917,571,0.5253033638000488,0.5253033638000488,0.9507385704434353,1.9
img_0016.jpeg,213,160,fgsm,0,0.44532355666160583,0,0.4403377175331116,0.4403377175331116,0.900822897610266,0.34
img_0016.jpeg,213,160,pgd,0,0.44532355666160583,0,0.4183728098869324,0.4183728098869324,0.954716673987965,1.93
img_0017.jpeg,213,160,fgsm,653,0.09427516907453537,469,0.1098300889134407,0.058096155524253845,0.9077014772513952,0.33
img_0017.jpeg,213,160,pgd,653,0.09427516907453537,653,0.06599981337785721,0.06599981337785721,0.9597918642767554,1.92
img_0018.jpeg,213,160,fgsm,217,0.19440434873104095,164,0.09158065170049667,0.01151786558330059,0.8107050061293104,0.39
img_0018.jpeg,213,160,pgd,217,0.19440434873104095,217,0.17512589693069458,0.17512589693069458,0.9116023063726396,2.71
img_0019.jpeg,408,160,fgsm,491,0.5885187387466431,491,0.5579304099082947,0.5579304099082947,0.8773193884607678,0.53
img_0019.jpeg,408,160,pgd,491,0.5885187387466431,491,0.5864225625991821,0.5864225625991821,0.9436297695016038,2.71
img_0020.jpeg,235,160,fgsm,663,0.10012073814868927,497,0.25145283341407776,0.006189676001667976,0.747601637395391,0.49
img_0020.jpeg,235,160,pgd,663,0.10012073814868927,497,0.3395334482192993,0.029004620388150215,0.8709017450252733,2.72
img_0021.jpeg,213,160,fgsm,574,0.33286187052726746,574,0.3039335608482361,0.3039335608482361,0.8875501362809706,0.53
img_0021.jpeg,213,160,pgd,574,0.33286187052726746,574,0.23504333198070526,0.23504333198070526,0.9499552890939031,2.86
img_0022.jpeg,212,160,fgsm,472,0.05851143226027489,472,0.03073638677597046,0.03073638677597046,0.9149506719063342,0.53
img_0022.jpeg,212,160,pgd,472,0.05851143226027489,472,0.041042327880859375,0.041042327880859375,0.9641088643714962,2.67
img_0023.jpeg,213,160,fgsm,0,0.5184898972511292,0,0.42674463987350464,0.42674463987350464,0.9710138663732911,0.48
img_0023.jpeg,213,160,pgd,0,0.5184898972511292,0,0.45373278856277466,0.45373278856277466,0.9884545875176544,2.65
img_0024.jpeg,221,160,fgsm,701,0.4782409369945526,701,0.3557852804660797,0.3557852804660797,0.738811032615727,0.51
img_0024.jpeg,221,160,pgd,701,0.4782409369945526,701,0.42553094029426575,0.42553094029426575,0.875820143874093,3.26
img_0025.jpeg,160,308,fgsm,602,0.06587887555360794,413,0.028567658737301826,0.010750209912657738,0.9031520252939766,0.45
img_0025.jpeg,160,308,pgd,602,0.06587887555360794,602,0.036929771304130554,0.036929771304130554,0.9572354905797217,2.58
img_0026.jpeg,213,160,fgsm,566,0.5961117744445801,566,0.4504520297050476,0.4504520297050476,0.9396333901351347,0.51
img_0026.jpeg,213,160,pgd,566,0.5961117744445801,566,0.5016857981681824,0.5016857981681824,0.97370445317245,2.55
img_0027.jpeg,213,160,fgsm,491,0.4263152778148651,491,0.3509855270385742,0.3509855270385742,0.795802480261063,0.5
img_0027.jpeg,213,160,pgd,491,0.4263152778148651,491,0.2787487506866455,0.2787487506866455,0.9084640905258832,3.03
img_0028.jpeg,160,239,fgsm,566,0.24450689554214478,566,0.28316357731819153,0.28316357731819153,0.9000633029707359,0.43
img_0028.jpeg,160,239,pgd,566,0.24450689554214478,566,0.20639006793498993,0.20639006793498993,0.9559404324191041,2.63
img_0029.jpeg,240,160,fgsm,701,0.5498722791671753,701,0.5578058362007141,0.5578058362007141,0.682647494728618,0.58
img_0029.jpeg,240,160,pgd,701,0.5498722791671753,701,0.4697980582714081,0.4697980582714081,0.847265301864863,2.64
img_0030.jpeg,213,160,fgsm,571,0.3814795911312103,571,0.4898536205291748,0.4898536205291748,0.9309589969381418,0.46
img_0030.jpeg,213,160,pgd,571,0.3814795911312103,571,0.3788209557533264,0.3788209557533264,0.970922166718807,2.66
img_0031.jpeg,238,160,fgsm,491,0.22027866542339325,491,0.23400937020778656,0.23400937020778656,0.8651648328641516,0.47
img_0031.jpeg,238,160,pgd,491,0.22027866542339325,491,0.2160291224718094,0.2160291224718094,0.9394532398550209,2.56
img_0032.jpeg,213,160,fgsm,571,0.7350124716758728,571,0.7067816853523254,0.7067816853523254,0.9133328479650089,0.47
img_0032.jpeg,213,160,pgd,571,0.7350124716758728,571,0.759086012840271,0.759086012840271,0.9610020328688011,2.64
img_0033.jpeg,213,160,fgsm,0,0.5546079277992249,0,0.49389076232910156,0.49389076232910156,0.7806943123926362,0.51
img_0033.jpeg,213,160,pgd,0,0.5546079277992249,0,0.5323288440704346,0.5323288440704346,0.8977350472473834,2.56
img_0034.jpeg,160,240,fgsm,497,0.18091613054275513,497,0.23079463839530945,0.23079463839530945,0.7800637664005784,0.5
img_0034.jpeg,160,240,pgd,497,0.18091613054275513,497,0.2665365934371948,0.2665365934371948,0.8926916370849186,2.59
img_0035.jpeg,171,160,fgsm,701,0.46979373693466187,701,0.4601573050022125,0.4601573050022125,0.779884544661098,0.47
img_0035.jpeg,171,160,pgd,701,0.46979373693466187,701,0.39511024951934814,0.39511024951934814,0.8949570449558889,2.59
img_0036.jpeg,204,160,fgsm,0,0.30187293887138367,0,0.40587303042411804,0.40587303042411804,0.9609134105306273,0.5
img_0036.jpeg,204,160,pgd,0,0.30187293887138367,0,0.3240520656108856,0.3240520656108856,0.9841178487902725,2.56
img_0037.jpeg,160,213,fgsm,571,0.7208507657051086,571,0.673346996307373,0.673346996307373,0.9552606832675435,0.45
img_0037.jpeg,160,213,pgd,571,0.7208507657051086,571,0.7255393862724304,0.7255393862724304,0.9814746391568766,2.57
img_0038.jpeg,160,227,fgsm,701,0.2210792750120163,701,0.2047886997461319,0.2047886997461319,0.7877353257223797,0.48
img_0038.jpeg,160,227,pgd,701,0.2210792750120163,701,0.1592799574136734,0.1592799574136734,0.8982626098109568,2.56
img_0039.jpeg,160,175,fgsm,482,0.8004207015037537,482,0.8114623427391052,0.8114623427391052,0.9017483835995593,0.44
img_0039.jpeg,160,175,pgd,482,0.8004207015037537,482,0.7380968332290649,0.7380968332290649,0.9536764958492511,2.58
img_0040.jpeg,160,174,fgsm,566,0.6230969429016113,566,0.6018339395523071,0.6018339395523071,0.88746125717693,0.49
img_0040.jpeg,160,174,pgd,566,0.6230969429016113,566,0.5968936681747437,0.5968936681747437,0.947343859096927,2.58
img_0041.jpeg,160,213,fgsm,571,0.40779048204421997,571,0.5550203323364258,0.5550203323364258,0.8847860412761556,0.47
img_0041.jpeg,160,213,pgd,571,0.40779048204421997,571,0.4469596743583679,0.4469596743583679,0.9458956130749478,2.57
img_0042.jpeg,258,160,fgsm,566,0.4113638401031494,566,0.3661178648471832,0.3661178648471832,0.937879859469792,0.48
img_0042.jpeg,258,160,pgd,566,0.4113638401031494,566,0.3923303782939911,0.3923303782939911,0.9723442612152081,2.56
img_0043.jpeg,206,160,fgsm,663,0.28095200657844543,406,0.19760379195213318,0.18280252814292908,0.9584168555201286,0.47
img_0043.jpeg,206,160,pgd,663,0.28095200657844543,663,0.21833020448684692,0.21833020448684692,0.9826681707589638,2.68
img_0044.jpeg,160,203,fgsm,482,0.3217143714427948,485,0.24082458019256592,0.15497936308383942,0.8550012748576529,0.45
img_0044.jpeg,160,203,pgd,482,0.3217143714427948,482,0.2029714584350586,0.2029714584350586,0.9341582188318182,2.58
img_0045.jpeg,213,160,fgsm,491,0.279601126909256,491,0.3636443018913269,0.3636443018913269,0.8347424280022054,0.48
img_0045.jpeg,213,160,pgd,491,0.279601126909256,491,0.2968122363090515,0.2968122363090515,0.925077225525531,2.53
img_0046.jpeg,160,213,fgsm,571,0.5594555139541626,571,0.4300059676170349,0.4300059676170349,0.8856875934275643,0.47
img_0046.jpeg,160,213,pgd,571,0.5594555139541626,571,0.4640568494796753,0.4640568494796753,0.9491093665857576,2.55
img_0047.jpeg,160,227,fgsm,566,0.4053749442100525,566,0.46540558338165283,0.46540558338165283,0.9226796928996762,0.5
img_0047.jpeg,160,227,pgd,566,0.4053749442100525,566,0.42187047004699707,0.42187047004699707,0.9647580904360574,2.58
img_0048.jpeg,178,160,fgsm,217,0.15676943957805634,217,0.2596391439437866,0.2596391439437866,0.9107218607484772,0.46
img_0048.jpeg,178,160,pgd,217,0.15676943957805634,217,0.25895291566848755,0.25895291566848755,0.9613001923582364,2.68
img_0049.jpeg,222,160,fgsm,217,0.23336075246334076,217,0.36330100893974304,0.36330100893974304,0.8943185902951242,0.57
img_0049.jpeg,222,160,pgd,217,0.23336075246334076,217,0.2586948871612549,0.2586948871612549,0.9547143932773969,2.66
img_0050.jpeg,160,208,fgsm,569,0.4496907591819763,569,0.46803686022758484,0.46803686022758484,0.9042123003472596,0.48
img_0050.jpeg,160,208,pgd,569,0.4496907591819763,569,0.5241395831108093,0.5241395831108093,0.9562071817664329,2.61
img_0051.jpeg,160,213,fgsm,217,0.1794932335615158,217,0.18567965924739838,0.18567965924739838,0.9612627050971727,0.43
img_0051.jpeg,160,213,pgd,217,0.1794932335615158,217,0.20247294008731842,0.20247294008731842,0.9839684885172261,2.65
img_0052.jpeg,213,160,fgsm,675,0.35227838158607483,675,0.300222247838974,0.300222247838974,0.8945583937198339,0.48
img_0052.jpeg,213,160,pgd,675,0.35227838158607483,675,0.2922236919403076,0.2922236919403076,0.9530667507450595,2.57
img_0053.jpeg,213,160,fgsm,566,0.5877603888511658,566,0.6060166358947754,0.6060166358947754,0.9087271535833265,0.47
img_0053.jpeg,213,160,pgd,566,0.5877603888511658,566,0.6402155756950378,0.6402155756950378,0.9584217454634704,2.58
img_0054.jpeg,213,160,fgsm,218,0.23276403546333313,218,0.2866722345352173,0.2866722345352173,0.8248424560854888,0.48
img_0054.jpeg,213,160,pgd,218,0.23276403546333313,217,0.22931131720542908,0.1753137707710266,0.9210013944325106,2.52
img_0055.jpeg,213,160,fgsm,663,0.36381587386131287,663,0.10493505001068115,0.10493505001068115,0.8291535432381655,0.43
img_0055.jpeg,213,160,pgd,663,0.36381587386131287,663,0.14304988086223602,0.14304988086223602,0.919333164723624,2.51
img_0056.jpeg,239,160,fgsm,701,0.6397291421890259,701,0.19158142805099487,0.19158142805099487,0.6713894588086248,0.48
img_0056.jpeg,239,160,pgd,701,0.6397291421890259,701,0.06369997560977936,0.06369997560977936,0.843246132527673,2.56
img_0057.jpeg,213,160,fgsm,0,0.46666014194488525,0,0.47429439425468445,0.47429439425468445,0.9548107593366382,0.46
img_0057.jpeg,213,160,pgd,0,0.46666014194488525,0,0.4947368800640106,0.4947368800640106,0.9814901704954923,2.55
img_0058.jpeg,213,160,fgsm,569,0.3042413294315338,569,0.40298452973365784,0.40298452973365784,0.9132450706760862,0.48
img_0058.jpeg,213,160,pgd,569,0.3042413294315338,569,0.40537893772125244,0.40537893772125244,0.9609177067015819,2.52
img_0059.jpeg,240,160,fgsm,571,0.6028074622154236,571,0.815330445766449,0.815330445766449,0.8767724656977998,0.43
img_0059.jpeg,240,160,pgd,571,0.6028074622154236,571,0.7978101968765259,0.7978101968765259,0.9445065647679284,2.56
img_0060.jpeg,240,160,fgsm,701,0.6573088765144348,701,0.5195133686065674,0.5195133686065674,0.867822422642103,0.49
img_0060.jpeg,240,160,pgd,701,0.6573088765144348,701,0.6677777767181396,0.6677777767181396,0.94333358286638,2.53
img_0061.jpeg,160,213,fgsm,481,0.5343925356864929,481,0.49229735136032104,0.49229735136032104,0.8482975158064946,0.51
img_0061.jpeg,160,213,pgd,481,0.5343925356864929,481,0.48292019963264465,0.48292019963264465,0.9310879015529371,2.78
img_0062.jpeg,213,160,fgsm,569,0.30604642629623413,569,0.29679393768310547,0.29679393768310547,0.9207216088359566,0.49
img_0062.jpeg,213,160,pgd,569,0.30604642629623413,569,0.2628689706325531,0.2628689706325531,0.9638942614343048,2.61
img_0063.jpeg,240,160,fgsm,166,0.15576383471488953,166,0.08767079561948776,0.08767079561948776,0.9302140370915204,0.47
img_0063.jpeg,240,160,pgd,166,0.15576383471488953,232,0.10349646955728531,0.05782933905720711,0.9724586732291213,2.92
img_0064.jpeg,160,240,fgsm,701,0.27318042516708374,701,0.2601619064807892,0.2601619064807892,0.7941203770629891,0.47
img_0064.jpeg,160,240,pgd,701,0.27318042516708374,701,0.31301891803741455,0.31301891803741455,0.9049293081227203,2.53
img_0065.jpeg,240,160,fgsm,566,0.4920758008956909,566,0.723194420337677,0.723194420337677,0.9383771075995542,0.54
img_0065.jpeg,240,160,pgd,566,0.4920758008956909,566,0.5591844916343689,0.5591844916343689,0.9729313251672203,2.77
img_0066.jpeg,160,160,fgsm,482,0.512143075466156,482,0.3584364652633667,0.3584364652633667,0.8897862850260486,0.48
img_0066.jpeg,160,160,pgd,482,0.512143075466156,482,0.48788002133369446,0.48788002133369446,0.9483138901521028,2.61
img_0067.jpeg,240,160,fgsm,217,0.30719777941703796,217,0.4292509853839874,0.4292509853839874,0.7903745679170493,0.46
img_0067.jpeg,240,160,pgd,217,0.30719777941703796,217,0.38945016264915466,0.38945016264915466,0.9053306916857736,2.6
img_0068.jpeg,240,160,fgsm,856,0.35996705293655396,856,0.3552415668964386,0.3552415668964386,0.8902798637805707,0.51
img_0068.jpeg,240,160,pgd,856,0.35996705293655396,569,0.31550833582878113,0.25466933846473694,0.9515744441212334,2.58
img_0069.jpeg,208,160,fgsm,830,0.1435174196958542,645,0.23056034743785858,0.06472140550613403,0.9238508661742147,0.44
img_0069.jpeg,208,160,pgd,830,0.1435174196958542,645,0.20043571293354034,0.0727793350815773,0.9662988702888334,2.58
img_0070.jpeg,160,238,fgsm,491,0.34950050711631775,491,0.26310279965400696,0.26310279965400696,0.8710809557707287,0.49
img_0070.jpeg,160,238,pgd,491,0.34950050711631775,491,0.2602774500846863,0.2602774500846863,0.9426461049231971,2.62
img_0071.jpeg,213,160,fgsm,566,0.21231965720653534,566,0.19866132736206055,0.19866132736206055,0.8873863913443293,0.55
img_0071.jpeg,213,160,pgd,566,0.21231965720653534,566,0.2571561634540558,0.2571561634540558,0.9500360305801863,2.78
img_0072.jpeg,160,213,fgsm,217,0.2859748303890228,217,0.26987600326538086,0.26987600326538086,0.7976445012273862,0.45
img_0072.jpeg,160,213,pgd,217,0.2859748303890228,217,0.2811342179775238,0.2811342179775238,0.9082159597593419,2.51
img_0073.jpeg,213,160,fgsm,0,0.4525323808193207,0,0.4948861300945282,0.4948861300945282,0.9121853973162409,0.56
img_0073.jpeg,213,160,pgd,0,0.4525323808193207,0,0.4803411662578583,0.4803411662578583,0.9627775043805625,2.62
img_0074.jpeg,160,213,fgsm,491,0.281386137008667,491,0.2660583555698395,0.2660583555698395,0.9381703157099267,0.48
img_0074.jpeg,160,213,pgd,491,0.281386137008667,491,0.3122735321521759,0.3122735321521759,0.9741085942762195,2.6
img_0075.jpeg,213,160,fgsm,491,0.3341769278049469,491,0.24591121077537537,0.24591121077537537,0.9554088409540098,0.48
img_0075.jpeg,213,160,pgd,491,0.3341769278049469,491,0.2474934160709381,0.2474934160709381,0.9822480926745382,2.55
img_0076.jpeg,214,160,fgsm,574,0.5120225548744202,574,0.443436861038208,0.443436861038208,0.8520304687886004,0.47
img_0076.jpeg,214,160,pgd,574,0.5120225548744202,574,0.42149245738983154,0.42149245738983154,0.9337832360506257,2.61
img_0077.jpeg,239,160,fgsm,566,0.49674344062805176,566,0.509509801864624,0.509509801864624,0.89699474463428,0.49
img_0077.jpeg,239,160,pgd,566,0.49674344062805176,566,0.4636428654193878,0.4636428654193878,0.9516514888930447,2.61
img_0078.jpeg,226,160,fgsm,217,0.27903982996940613,217,0.38283106684684753,0.38283106684684753,0.9226824636670363,0.46
img_0078.jpeg,226,160,pgd,217,0.27903982996940613,217,0.3252469003200531,0.3252469003200531,0.968200023776955,2.8
img_0079.jpeg,160,210,fgsm,975,0.6860194206237793,975,0.4645867347717285,0.4645867347717285,0.9115407207665348,0.46
img_0079.jpeg,160,210,pgd,975,0.6860194206237793,975,0.7109823822975159,0.7109823822975159,0.9612753653959155,2.62
img_0080.jpeg,208,160,fgsm,217,0.14301037788391113,217,0.2554347813129425,0.2554347813129425,0.9491073378015225,0.49
img_0080.jpeg,208,160,pgd,217,0.14301037788391113,217,0.20939846336841583,0.20939846336841583,0.978810577644538,2.58
img_0081.jpeg,213,160,fgsm,569,0.22019484639167786,569,0.42235860228538513,0.42235860228538513,0.9243720193167846,0.46
img_0081.jpeg,213,160,pgd,569,0.22019484639167786,569,0.38182419538497925,0.38182419538497925,0.9652359832725445,2.61
img_0082.jpeg,213,160,fgsm,663,0.8338598012924194,663,0.6638352274894714,0.6638352274894714,0.9108395543595175,0.48
img_0082.jpeg,213,160,pgd,663,0.8338598012924194,663,0.7040510177612305,0.7040510177612305,0.9593157308214018,2.54
img_0083.jpeg,213,160,fgsm,571,0.7096574306488037,571,0.655308723449707,0.655308723449707,0.9131317672564901,0.46
img_0083.jpeg,213,160,pgd,571,0.7096574306488037,571,0.6483638286590576,0.6483638286590576,0.960685601009401,2.56
img_0084.jpeg,213,160,fgsm,482,0.2204245775938034,848,0.1601376235485077,0.14196650683879852,0.8782047000039247,0.57
img_0084.jpeg,213,160,pgd,482,0.2204245775938034,848,0.15716196596622467,0.1417897641658783,0.9437712963333472,2.59
img_0085.jpeg,213,160,fgsm,569,0.380109578371048,569,0.36662423610687256,0.36662423610687256,0.8239782429986583,0.47
img_0085.jpeg,213,160,pgd,569,0.380109578371048,569,0.41300174593925476,0.41300174593925476,0.9187812393868412,2.54
img_0086.jpeg,213,160,fgsm,482,0.34287402033805847,482,0.3189276456832886,0.3189276456832886,0.8001233306914267,0.48
img_0086.jpeg,213,160,pgd,482,0.34287402033805847,482,0.2521441876888275,0.2521441876888275,0.9067672294982492,2.5
img_0087.jpeg,213,160,fgsm,569,0.2786150276660919,569,0.27803048491477966,0.27803048491477966,0.8820937743459556,0.47
img_0087.jpeg,213,160,pgd,569,0.2786150276660919,569,0.2599445581436157,0.2599445581436157,0.9472272406520617,2.55
img_0088.jpeg,238,160,fgsm,569,0.8473368883132935,569,0.8717780113220215,0.8717780113220215,0.8808213581154346,0.55
img_0088.jpeg,238,160,pgd,569,0.8473368883132935,569,0.8336822986602783,0.8336822986602783,0.9462918433502171,2.83
img_0089.jpeg,213,160,fgsm,491,0.5429296493530273,491,0.5882650017738342,0.5882650017738342,0.9764233583660342,0.48
img_0089.jpeg,213,160,pgd,491,0.5429296493530273,491,0.5976028442382812,0.5976028442382812,0.990039874684272,2.7
img_0090.jpeg,341,160,fgsm,491,0.3301887512207031,491,0.4752676486968994,0.4752676486968994,0.8786588850457066,0.46
img_0090.jpeg,341,160,pgd,491,0.3301887512207031,491,0.36291882395744324,0.36291882395744324,0.9442414929266043,2.66
img_0091.jpeg,213,160,fgsm,884,0.3499283194541931,884,0.3461543619632721,0.3461543619632721,0.9432660689669033,0.47
img_0091.jpeg,213,160,pgd,884,0.3499283194541931,884,0.289991170167923,0.289991170167923,0.9770453034086349,2.59
img_0092.jpeg,213,160,fgsm,513,0.10917031019926071,776,0.24460536241531372,0.13677246868610382,0.8667350613680301,0.48
img_0092.jpeg,213,160,pgd,513,0.10917031019926071,513,0.2285325974225998,0.2285325974225998,0.9409820526022611,2.54
img_0093.jpeg,213,160,fgsm,442,0.24025805294513702,497,0.2022472769021988,0.17612206935882568,0.9298025835195799,0.46
img_0093.jpeg,213,160,pgd,442,0.24025805294513702,497,0.23660948872566223,0.1772664189338684,0.9695011854594665,2.84
img_0094.jpeg,213,160,fgsm,491,0.35991474986076355,491,0.10539330542087555,0.10539330542087555,0.975878370518969,0.67
img_0094.jpeg,213,160,pgd,491,0.35991474986076355,491,0.2655763030052185,0.2655763030052185,0.9906086506001164,5.36
img_0095.jpeg,160,184,fgsm,217,0.19804629683494568,217,0.20431002974510193,0.20431002974510193,0.9688462274021319,0.97
img_0095.jpeg,160,184,pgd,217,0.19804629683494568,217,0.19568054378032684,0.19568054378032684,0.9876119476208002,6.21
img_0096.jpeg,240,160,fgsm,217,0.05017664283514023,250,0.06446469575166702,0.0479314811527729,0.9089165507190059,1.12
img_0096.jpeg,240,160,pgd,217,0.05017664283514023,250,0.05260047689080238,0.051915355026721954,0.9611101825215528,6.36
img_0097.jpeg,240,160,fgsm,481,0.22901345789432526,481,0.06051449850201607,0.06051449850201607,0.895871446187079,1.09
img_0097.jpeg,240,160,pgd,481,0.22901345789432526,481,0.10864238440990448,0.10864238440990448,0.9530233933849801,6.33
img_0098.jpeg,213,160,fgsm,482,0.5796575546264648,482,0.3114483952522278,0.3114483952522278,0.8909971507065567,1.15
img_0098.jpeg,213,160,pgd,482,0.5796575546264648,482,0.39505699276924133,0.39505699276924133,0.9514893636427622,6.28
img_0099.jpeg,215,160,fgsm,701,0.310623437166214,701,0.19224905967712402,0.19224905967712402,0.8753190177623161,1.15
img_0099.jpeg,215,160,pgd,701,0.310623437166214,701,0.23694509267807007,0.23694509267807007,0.9447920986081301,6.19
img_0100.jpeg,213,160,fgsm,569,0.21473321318626404,569,0.13177062571048737,0.13177062571048737,0.889901772970445,1.08
img_0100.jpeg,213,160,pgd,569,0.21473321318626404,569,0.18272876739501953,0.18272876739501953,0.9517250077910994,6.38
img_0101.jpeg,238,160,fgsm,497,0.235297292470932,497,0.23291704058647156,0.23291704058647156,0.8477786999285355,1.13
img_0101.jpeg,238,160,pgd,497,0.235297292470932,497,0.30333176255226135,0.30333176255226135,0.9300363124604182,6.33
img_0102.jpeg,213,160,fgsm,482,0.19997739791870117,482,0.1276211440563202,0.1276211440563202,0.8689127384974705,1.1
img_0102.jpeg,213,160,pgd,482,0.19997739791870117,482,0.1641838401556015,0.1641838401556015,0.9411510537376288,6.17
img_0103.jpeg,213,160,fgsm,574,0.40280890464782715,574,0.4799726605415344,0.4799726605415344,0.740712655598839,1.11
img_0103.jpeg,213,160,pgd,574,0.40280890464782715,574,0.45181047916412354,0.45181047916412354,0.8778620143853747,6.09
img_0104.jpeg,213,160,fgsm,569,0.24394547939300537,569,0.5437029600143433,0.5437029600143433,0.9662227312174242,1.11
img_0104.jpeg,213,160,pgd,569,0.24394547939300537,569,0.27154073119163513,0.27154073119163513,0.9861791876213015,6.14
img_0105.jpeg,213,160,fgsm,663,0.4032649099826813,663,0.3362855315208435,0.3362855315208435,0.8437364966244528,1.11
img_0105.jpeg,213,160,pgd,663,0.4032649099826813,663,0.3551281690597534,0.3551281690597534,0.9275970859020445,6.34
img_0106.jpeg,290,160,fgsm,848,0.3222784996032715,482,0.22886157035827637,0.2171860635280609,0.7974665511399793,1.15
img_0106.jpeg,290,160,pgd,848,0.3222784996032715,848,0.30118751525878906,0.30118751525878906,0.905807327424636,6.35
img_0107.jpeg,160,238,fgsm,538,0.1474800556898117,538,0.25142550468444824,0.25142550468444824,0.9821817171415067,1.09
img_0107.jpeg,160,238,pgd,538,0.1474800556898117,538,0.23821575939655304,0.23821575939655304,0.9926749707703958,6.39
img_0108.jpeg,213,160,fgsm,701,0.4155251979827881,701,0.36502259969711304,0.36502259969711304,0.8311480514100814,1.17
img_0108.jpeg,213,160,pgd,701,0.4155251979827881,701,0.3080589771270752,0.3080589771270752,0.9215391933870037,6.32
img_0109.jpeg,160,213,fgsm,491,0.22693827748298645,491,0.34993529319763184,0.34993529319763184,0.9130640504023854,1.11
img_0109.jpeg,160,213,pgd,491,0.22693827748298645,491,0.2041545808315277,0.2041545808315277,0.9611156876423458,6.45
img_0110.jpeg,190,160,fgsm,663,0.11004048585891724,497,0.09681940823793411,0.08855190128087997,0.8291845870911964,1.15
img_0110.jpeg,190,160,pgd,663,0.11004048585891724,497,0.1430405080318451,0.08089491724967957,0.9191821015857028,6.38
img_0111.jpeg,213,160,fgsm,566,0.4182988703250885,566,0.40314173698425293,0.40314173698425293,0.836957434258831,1.16
img_0111.jpeg,213,160,pgd,566,0.4182988703250885,566,0.43657392263412476,0.43657392263412476,0.925878364477185,6.31
img_0112.jpeg,160,224,fgsm,571,0.28661465644836426,571,0.23516251146793365,0.23516251146793365,0.8955091684428629,1.13
img_0112.jpeg,160,224,pgd,571,0.28661465644836426,571,0.2298426330089569,0.2298426330089569,0.9530998631163016,6.43
img_0113.jpeg,160,160,fgsm,574,0.38076430559158325,574,0.3896857500076294,0.3896857500076294,0.8886214635574997,1.26
img_0113.jpeg,160,160,pgd,574,0.38076430559158325,574,0.3450891971588135,0.3450891971588135,0.9491511971945933,6.4
img_0114.jpeg,213,160,fgsm,0,0.4500429630279541,0,0.46605008840560913,0.46605008840560913,0.9153342153179072,1.12
img_0114.jpeg,213,160,pgd,0,0.4500429630279541,0,0.4299323260784149,0.4299323260784149,0.964366514584091,6.27
img_0115.jpeg,160,213,fgsm,491,0.18739348649978638,491,0.31793004274368286,0.31793004274368286,0.9060518087976872,1.14
img_0115.jpeg,160,213,pgd,491,0.18739348649978638,491,0.33554697036743164,0.33554697036743164,0.9590959004083556,6.35
img_0116.jpeg,213,160,fgsm,0,0.42372867465019226,0,0.24485646188259125,0.24485646188259125,0.8937449560634745,1.13
img_0116.jpeg,213,160,pgd,0,0.42372867465019226,0,0.23999591171741486,0.23999591171741486,0.9528858253294414,6.19
img_0117.jpeg,160,213,fgsm,701,0.5474511384963989,701,0.5458956956863403,0.5458956956863403,0.8083451045605204,1.13
img_0117.jpeg,160,213,pgd,701,0.5474511384963989,701,0.5819295644760132,0.5819295644760132,0.9126405150194689,6.33
img_0118.jpeg,213,160,fgsm,566,0.16758306324481964,714,0.024754170328378677,0.02137594297528267,0.772597047863646,1.1
img_0118.jpeg,213,160,pgd,566,0.16758306324481964,513,0.04552275314927101,0.017639346420764923,0.8917822670229775,6.19
img_0119.jpeg,213,160,fgsm,803,0.046010155230760574,803,0.06778764724731445,0.06778764724731445,0.9515654574072229,1.15
img_0119.jpeg,213,160,pgd,803,0.046010155230760574,803,0.05263528972864151,0.05263528972864151,0.9803615238315864,6.27
